question_id,sweep,arm,budget,context,predicted_answer,gold_answer,em,f1,faithfulness,answer_relevance,human_faithfulness,human_agrees
mhrag_1084,primary,naive_topk_dedup,2000,,Sam Bankman-Fried,"[""Sam Bankman-Fried""]",1,1.0,1.0,1.0,,
squad_56dde0ba66d3e219004dad75,primary,compress_llmlingua,1000,,The context provided does not contain information about the founding of the Duchy of Normandy.,"[""911"", ""911"", ""911""]",0,0.0,0.0,0.0,,
wtq_test_nt-5543,structured,naive_topk,500,,'91-'95 U13 Bluebird,"[""'97-'01 W11 Avenir GT4""]",0,0.0,0.0,0.0,,
mhrag_593,primary,summarize_recomp,4000,,Yes,"[""Yes""]",1,1.0,1.0,1.0,,
hotpot_5adec7925542995534e8c70d,primary,graph_select,500,,Intelligent Design: The Bridge Between Science and Theology,"[""Intelligent Design""]",0,0.4444,1.0,1.0,,
msmarco_1090930,primary,naive_topk,4000,,$81.61,"[""On February 12, 2018, BIV opened at $81.59, traded as high as $81.69 and as low as $81.52, and closed at $81.62.On February 13, 2018, BIV opened at $81.61, traded as high as $81.67 and as low as $81.50, and closed at $81.61.""]",0,0.0455,1.0,1.0,,
mhrag_1807,primary,naive_topk_dedup,1000,,Google,"[""Google""]",1,1.0,1.0,1.0,,
wtq_test_nu-1661,structured,naive_topk_dedup,500,,Corey Pavin,"[""Corey Pavin""]",1,1.0,1.0,1.0,,
wtq_test_nt-5446,structured,naive_topk,1000,,Urho Kekkonen,"[""Walter Gilbert Campbell""]",0,0.0,1.0,1.0,,
hotpot_5ab6988a554299710c8d1edc,primary,rerank_topk,500,,Metropolitan Life Insurance Company Tower,"[""Metropolitan Life Insurance Company Tower""]",1,1.0,1.0,1.0,,
liverag_800,primary,compress_llmlingua,500,,No,"[""No, the LTC1563 does not require a clock signal as it is a continuous time filter with no signal sampling or clock requirements.""]",0,0.0952,0.0,1.0,,
wtq_test_nt-6959,structured,compress_llmlingua,4000,,Strosacker Hall,"[""Strosacker Hall""]",1,1.0,0.0,0.0,,
wtq_test_nt-11354,structured,summarize_recomp,1000,,Real Madrid,"[""Boston Celtics""]",0,0.0,0.0,1.0,,
wtq_test_nt-10620,structured,naive_topk,2000,,6.26% of the vote but only one parliamentary seat. The party soon fizzled out and was absorbed into the United Party.,"[""11,427,355""]",0,0.0,1.0,1.0,,
mhrag_1600,primary,compress_llmlingua,500,,Sporting News,"[""The Roar | Sports Writers Blog""]",0,0.0,0.0,1.0,,
wtq_test_nt-12405,structured,naive_topk_dedup,4000,,Netherlands,"[""Spain""]",0,0.0,1.0,1.0,,
wtq_test_nt-3028,structured,rerank_topk,4000,,Joe Alt,"[""Paul Ames""]",0,0.0,0.0,0.0,,
wtq_test_nt-363,structured,naive_topk,1000,,Kati Wilhelm,"[""Silvia Sperber (FRG)""]",0,0.0,0.0,0.0,,
squad_5711488ab654c5140001fc41,primary,graph_select,500,,Power,"[""expansion"", ""expansion"", ""expansion""]",0,0.0,0.0,0.0,,
mhrag_2071,primary,summarize_recomp,2000,,No,"[""no""]",1,1.0,1.0,1.0,,
msmarco_1039312,primary,naive_topk,500,,"Warm, neutral, and inviting color schemes with shades of brown, beige, taupe, and soft pinks.","[""Marigold, the lightest pink or salmon colors are for Cozy living room.""]",0,0.0,1.0,1.0,,
msmarco_1095572,primary,naive_topk,1000,,7 million,"[""There are 3 Million people die for air pollution every year.""]",0,0.1538,1.0,1.0,,
mhrag_2117,primary,summarize_recomp,500,,Yes,"[""Yes""]",1,1.0,1.0,1.0,,
mhrag_2542,primary,naive_topk_dedup,2000,,Yes,"[""Yes""]",1,1.0,1.0,1.0,,
wtq_test_nt-961,structured,graph_select,500,,ISO/IEC 15288,"[""Systems and software engineering - Software life cycle processes""]",0,0.0,1.0,1.0,,
mhrag_780,primary,summarize_recomp,2000,,Google,"[""Google.""]",1,1.0,1.0,1.0,,
liverag_434,primary,compress_llmlingua,4000,,Lower lip with large papillated pad and medial interruption of 2–5 rows,"[""Paracanthocobitis is distinguished from all other genera in the family by the combination of: a lower lip with a large papillated pad on either side of a medial interruption, an upper lip with 2-5 rows of papillae that is continuous with lower lip, and a conspicuous black spot with white outline (an ocellus) on the upper half of caudal-fin base.""]",0,0.3492,1.0,1.0,,
wtq_test_nt-13620,structured,graph_select,500,,"February 22, 1989 | Portugal","[""February 22, 1989"", ""Portugal""]",0,0.8571,0.0,0.0,,
wtq_test_nt-11374,structured,graph_select,4000,,3,"[""3""]",1,1.0,0.0,0.0,,
wtq_test_nt-2764,structured,summarize_recomp,1000,,Catholicism,"[""Russia""]",0,0.0,1.0,1.0,,
mhrag_421,primary,compress_llmlingua,2000,,Yes,"[""Yes""]",1,1.0,1.0,1.0,,
wtq_test_nt-9782,structured,graph_select,500,,"The context provided does not contain information about a match in which Kaz was eliminated by Robert Roode. Therefore, the answer cannot be determined from the given text.","[""05:32""]",0,0.0,0.0,0.0,,
wtq_test_nt-6103,structured,summarize_recomp,2000,,2008,"[""2008""]",1,1.0,1.0,1.0,,
mhrag_1102,primary,compress_llmlingua,500,,consistent,"[""Consistent""]",1,1.0,1.0,1.0,,
msmarco_1101973,primary,rerank_topk,500,,To protect communities by informing them about nearby sex offenders.,"[""Megan's Law is a term that describes laws designed to provide information and notification to communities when a potentially dangerous sex offender moves into the neighborhood.""]",0,0.1818,1.0,1.0,,
wtq_test_nt-983,structured,rerank_topk,1000,,126 mph,"[""4,510""]",0,0.0,1.0,1.0,,
wtq_test_nt-9234,structured,naive_topk,4000,,5,"[""6""]",0,0.0,0.0,0.0,,
mhrag_2106,primary,graph_select,1000,,Google,"[""Google""]",1,1.0,1.0,1.0,,
wtq_test_nt-12405,structured,rerank_topk,500,,The Netherlands,"[""Spain""]",0,0.0,1.0,1.0,,
wtq_test_nt-2122,structured,graph_select,500,,Ohio State,"[""Borussia Dortmund""]",0,0.0,0.0,0.0,,
nq_2353810359858824661,primary,naive_topk,2000,,Eagles,"[""American rock band Eagles"", ""the American rock band Eagles"", ""Eagles""]",1,1.0,1.0,1.0,,
wtq_test_nt-13445,structured,graph_select,500,,"The context does not provide information about Webber's scoring average or seasons with over 20 points per game. Therefore, the answer cannot be determined from the given text.","[""11""]",0,0.0,1.0,1.0,,
wtq_test_nt-8423,structured,naive_topk_dedup,4000,,Over eighty film and television productions,"[""36""]",0,0.0,1.0,1.0,,
wtq_test_nu-1932,structured,naive_topk_dedup,500,,The context does not provide information about how often they finished in sixth place before 1992.,"[""Once""]",0,0.0,1.0,1.0,,
wtq_test_nt-13797,structured,naive_topk,4000,,Romeo Bonzo (PHI),"[""Conny Karlsson""]",0,0.0,0.0,0.0,,
wtq_test_nt-166,structured,naive_topk_dedup,500,,3:02.57,"[""3:02.57""]",1,1.0,1.0,1.0,,
squad_571c879bdd7acb1400e4c0ef,primary,naive_topk_dedup,1000,,spontaneous combustion,"[""spontaneous"", ""spontaneous combustion"", ""spontaneous"", ""spontaneous"", ""spontaneous combustion""]",1,1.0,1.0,1.0,,
nq_4406487793270061034,primary,rerank_topk,2000,,10 October 2015,"[""2015"", ""10 October 2015""]",1,1.0,1.0,1.0,,
mhrag_1237,primary,rerank_topk,2000,,Yes,"[""Yes""]",1,1.0,1.0,1.0,,
squad_57287d4a2ca10214002da3e5,primary,compress_llmlingua,1000,,"Liao, Jin, and Song dynasties","[""Tang, Song, as well as Khitan Liao and Jurchen Jin dynasties"", ""native Chinese dynasties"", ""Tang, Song, as well as Khitan Liao and Jurchen Jin dynasties""]",0,0.625,1.0,1.0,,
